,0,1
0,tactagcaatacgcttgcgttcggtggttaagtatgtataatgcgcgggcttgtcgt,0
1,tgctatcctgacagttgtcacgctgattggtgtcgttacaatctaacgcatcgccaa,0
2,gtactagagaactagtgcattagcttatttttttgttatcatgctaaccacccggcg,0
3,aattgtgatgtgtatcgaagtgtgttgcggagtagatgttagaatactaacaaactc,0
4,tcgataattaactattgacgaaaagctgaaaaccactagaatgcgcctccgtggtag,0
5,aggggcaaggaggatggaaagaggttgccgtataaagaaactagagtccgtttaggt,0
6,cagggggtggaggatttaagccatctcctgatgacgcatagtcagcccatcatgaat,0
7,tttctacaaaacacttgatactgtatgagcatacagtataattgcttcaacagaaca,0
8,cgacttaatatactgcgacaggacgtccgttctgtgtaaatcgcaatgaaatggttt,0
9,ttttaaatttcctcttgtcaggccggaataactccctataatgcgccaccactgaca,0
10,gcaaaaataaatgcttgactctgtagcgggaaggcgtattatgcacaccccgcgccg,0
11,cctgaaattcagggttgactctgaaagaggaaagcgtaatatacgccacctcgcgac,0
12,gatcaaaaaaatacttgtgcaaaaaattgggatccctataatgcgcctccgttgaga,0
13,ctgcaatttttctattgcggcctgcggagaactccctataatgcgcctccatcgaca,0
14,tttatatttttcgcttgtcaggccggaataactccctataatgcgccaccactgaca,0
15,aagcaaagaaatgcttgactctgtagcgggaaggcgtattatgcacaccgccgcgcc,0
16,atgcatttttccgcttgtcttcctgagccgactccctataatgcgcctccatcgaca,0
17,aaacaatttcagaatagacaaaaactctgagtgtaataatgtagcctcgtgtcttgc,0
18,tctcaacgtaacactttacagcggcgcgtcatttgatatgatgcgccccgcttcccg,0
19,gcaaataatcaatgtggacttttctgccgtgattatagacacttttgttacgcgttt,0
20,gacaccatcgaatggcgcaaaacctttcgcggtatggcatgatagcgcccggaagag,0
21,aaaaacgtcatcgcttgcattagaaaggtttctggccgaccttataaccattaatta,0
22,tctgaaatgagctgttgacaattaatcatcgaactagttaactagtacgcaagttca,0
23,accggaagaaaaccgtgacattttaacacgtttgttacaaggtaaaggcgacgccgc,0
24,aaattaaaattttattgacttaggtcactaaatactttaaccaatataggcatagcg,0
25,ttgtcataatcgacttgtaaaccaaattgaaaagatttaggtttacaagtctacacc,0
26,catcctcgcaccagtcgacgacggtttacgctttacgtatagtggcgacaatttttt,0
27,tccagtataatttgttggcataattaagtacgacgagtaaaattacatacctgcccg,0
28,acagttatccactattcctgtggataaccatgtgtattagagttagaaaacacgagg,0
29,tgtgcagtttatggttccaaaatcgccttttgctgtatatactcacagcataactgt,0
30,ctgttgttcagtttttgagttgtgtataacccctcattctgatcccagcttatacgg,0
31,attacaaaaagtgctttctgaactgaacaaaaaagagtaaagttagtcgcgtagggt,0
32,atgcgcaacgcggggtgacaagggcgcgcaaaccctctatactgcgcgccgaagctg,0
33,taaaaaactaacagttgtcagcctgtcccgcttataagatcatacgccgttatacgt,0
34,atgcaattttttagttgcatgaactcgcatgtctccatagaatgcgcgctacttgat,0
35,ccttgaaaaagaggttgacgctgcaaggctctatacgcataatgcgccccgcaacgc,0
36,tcgttgtatatttcttgacaccttttcggcatcgccctaaaattcggcgtcctcata,0
37,ccgtttattttttctacccatatccttgaagcggtgttataatgccgcgccctcgat,0
38,ttcgcatatttttcttgcaaagttgggttgagctggctagattagccagccaatctt,0
39,tgtaaactaatgcctttacgtgggcggtgattttgtctacaatcttacccccacgta,0
40,gatcgcacgatctgtatacttatttgagtaaattaacccacgatcccagccattctt,0
41,aacgcatacggtattttaccttcccagtcaagaaaacttatcttattcccacttttc,0
42,ttagcggatcctacctgacgctttttatcgcaactctctactgtttctccatacccg,0
43,gccttctccaaaacgtgttttttgttgttaattcggtgtagacttgtaaacctaaat,0
44,cagaaacgttttattcgaacatcgatctcgtcttgtgttagaattctaacatacggt,0
45,cactaatttattccatgtcacacttttcgcatctttgttatgctatggttatttcat,0
46,atataaaaaagttcttgctttctaacgtgaaagtggtttaggttaaaagacatcagt,0
47,caaggtagaatgctttgccttgtcggcctgattaatggcacgatagtcgcatcggat,0
48,ggccaaaaaatatcttgtactatttacaaaacctatggtaactctttaggcattcct,0
49,taggcaccccaggctttacactttatgcttccggctcgtatgttgtgtggaattgtg,0
50,ccatcaaaaaaatattctcaacataaaaaactttgtgtaatacttgtaacgctacat,0
51,tggggacgtcgttactgatccgcacgtttatgatatgctatcgtactctttagcgag,0
52,tcagaaatattatggtgatgaactgtttttttatccagtataatttgttggcataat,0
53,atatgaacgttgagactgccgctgagttatcagctgtgaacgacattctggcgtcta,1
54,cgaacgagtcaatcagaccgctttgactctggtattactgtgaacattattcgtctc,1
55,caatggcctctaaacgggtcttgaggggttttttgctgaaaggaggaactatatgcg,1
56,ttgacctactacgccagcattttggcggtgtaagctaaccattccggttgactcaat,1
57,cgtctatcggtgaacctccggtatcaacgctggaaggtgacgctaacgcagatgcag,1
58,gccaatcaatcaagaacttgaagggtggtatcagccaacagcctgacatccttcgtt,1
59,tggatggacgttcaacattgaggaaggcataacgctactacctgatgtttactccaa,1
60,gaggtggctatgtgtatgaccgaacgagtcaatcagaccgctttgactctggtatta,1
61,cgtagcgcatcagtgctttcttactgtgagtacgcaccagcgccagaggacgacgac,1
62,cgaccgaagcgagcctcgtcctcaatggcctctaaacgggtcttgaggggttttttg,1
63,ctacggtgggtacaatatgctggatggagatgcgttcacttctggtctactgactcg,1
64,atagtctcagagtcttgacctactacgccagcattttggcggtgtaagctaaccatt,1
65,aactcaaggctgatacggcgagacttgcgagccttgtccttgcggtacacagcagcg,1
66,ttactgtgaacattattcgtctccgcgactacgatgagatgcctgagtgcttccgtt,1
67,tattctcaacaagattaaccgacagattcaatctcgtggatggacgttcaacattga,1
68,aacgagtcaatcagaccgctttgactctggtattactgtgaacattattcgtctccg,1
69,aagtgcttagcttcaaggtcacggatacgaccgaagcgagcctcgtcctcaatggcc,1
70,gaagaccacgcctcgccaccgagtagacccttagagagcatgtcagcctcgacaact,1
71,ttagagagcatgtcagcctcgacaacttgcataaatgctttcttgtagacgtgccct,1
72,tattcgtctccgcgactacgatgagatgcctgagtgcttccgttactggattgtcac,1
73,tgctgaaaggaggaactatatgcgctcatacgatatgaacgttgagactgccgctga,1
74,catgaactcaaggctgatacggcgagacttgcgagccttgtccttgcggtacacagc,1
75,ttcgtctccgcgactacgatgagatgcctgagtgcttccgttactggattgtcacca,1
76,catgtcagcctcgacaacttgcataaatgctttcttgtagacgtgccctacgcgctt,1
77,aggaggaactacgcaaggttggaacatcggagagatgccagccagcgcacctgcacg,1
78,tctcaacaagattaaccgacagattcaatctcgtggatggacgttcaacattgagga,1
79,tgaagtgcttagcttcaaggtcacggatacgaccgaagcgagcctcgtcctcaatgg,1
80,ctatatgcgctcatacgatatgaacgttgagactgccgctgagttatcagctgtgaa,1
81,gcggcagcacgtttccacgcggtgagagcctcaggattcatgtcgatgtcttccggt,1
82,atccctaatgtctacttccggtcaatccatctacgttaaccgaggtggctatgtgta,1
83,tggcgtctatcggtgaacctccggtatcaacgctggaaggtgacgctaacgcagatg,1
84,tctcgtggatggacgttcaacattgaggaaggcataacgctactacctgatgtttac,1
85,tattggcttgctcaagcatgaactcaaggctgatacggcgagacttgcgagccttgt,1
86,tagagggtgtactccaagaagaggaagatgaggctagacgtctctgcatggagtatg,1
87,cagcggcagcacgtttccacgcggtgagagcctcaggattcatgtcgatgtcttccg,1
88,ttacgttggcgaccgctaggactttcttgttgattttccatgcggtgttttgcgcaa,1
89,acgctaacgcagatgcagcgaacgctcggcgtattctcaacaagattaaccgacaga,1
90,ggtgttttgcgcaatgttaatcgctttgtacacctcaggcatgtaaacgtcttcgta,1
91,aaccattccggttgactcaatgagcatctcgatgcagcgtactcctacatgaataga,1
92,agacgtctctgcatggagtatgagatggactacggtgggtacaatatgctggatgga,1
93,tgttgattttccatgcggtgttttgcgcaatgttaatcgctttgtacacctcaggca,1
94,tgcacgggttgcgatagcctcagcgtattcaggtgcgagttcgatagtctcagagtc,1
95,aggcatgtaaacgtcttcgtagcgcatcagtgctttcttactgtgagtacgcaccag,1
96,ccgagtagacccttagagagcatgtcagcctcgacaacttgcataaatgctttcttg,1
97,cgctaggactttcttgttgattttccatgcggtgttttgcgcaatgttaatcgcttt,1
98,tatgaccgaacgagtcaatcagaccgctttgactctggtattactgtgaacattatt,1
99,agagggtgtactccaagaagaggaagatgaggctagacgtctctgcatggagtatga,1
100,gagagcatgtcagcctcgacaacttgcataaatgctttcttgtagacgtgccctacg,1
101,cctcaatggcctctaaacgggtcttgaggggttttttgctgaaaggaggaactatat,1
102,gtattctcaacaagattaaccgacagattcaatctcgtggatggacgttcaacattg,1
103,cgcgactacgatgagatgcctgagtgcttccgttactggattgtcaccaaggcttcc,1
104,ctcgtcctcaatggcctctaaacgggtcttgaggggttttttgctgaaaggaggaac,1
105,taacattaataaataaggaggctctaatggcactcattagccaatcaatcaagaact,1
